[
  {
    "id": 0,
    "name": "Data Source: RVTools",
    "description": "Asset represents a VMware vCenter Asset, found in RVTools",
    "color": "Green"
  },
  {
    "id": 0,
    "name": "Type: VMware vCenter",
    "description": "VMware vCenter Server",
    "color": "Grey"
  },
  {
    "id": 0,
    "name": "Type: vCenter Cluster",
    "description": "VMware vCenter Cluster",
    "color": "Grey"
  },
  {
    "id": 0,
    "name": "Type: vCenter Datacenter",
    "description": "VMware vCenter Datacenter",
    "color": "Grey"
  },
  {
    "id": 0,
    "name": "Type: vCenter Datastore",
    "description": "VMware vCenter Datastore",
    "color": "Grey"
  },
  {
    "id": 0,
    "name": "Type: vCenter Folder",
    "description": "VMware vCenter Folder",
    "color": "Grey"
  },
  {
    "id": 0,
    "name": "Type: vCenter Network",
    "description": "VMware vCenter Network",
    "color": "Grey"
  },
  {
    "id": 0,
    "name": "Type: vCenter Resource Pool",
    "description": "VMware vCenter Resource Pool",
    "color": "Grey"
  },
  {
    "id": 0,
    "name": "Type: vCenter vDisk",
    "description": "VMware vCenter vDisk",
    "color": "Grey"
  },
  {
    "id": 0,
    "name": "Type: vCenter vPartition",
    "description": "VMware vCenter vPartition",
    "color": "Grey"
  },
  {
    "id": 0,
    "name": "Type: vCenter VMHost",
    "description": "VMware vCenter VMHost",
    "color": "Grey"
  },
  {
    "id": 0,
    "name": "Type: vCenter VM",
    "description": "VMware vCenter VirtualMachine",
    "color": "Grey"
  }
]
